nome,porcentagem_desconto,preço,tipo
Darkest Dungeon: Ancestral Edition,0,"R$ 94,99",Pacote
Darkest Dungeon,0,"R$ 45,99",Padrão
Star Wars Empire at War - Gold Pack,0,Indisponivel,Padrão
RESIDENT EVIL 2 / BIOHAZARD RE:2 - DELUXE EDITION,0,"R$ 109,99",Padrão
Mad Max,-94%,"R$ 4,50",Padrão
Enter the Gungeon,0,"R$ 27,99",Padrão
RESIDENT EVIL 7 biohazard Gold Edition,0,"R$ 87,08",Padrão
LEGO Harry Potter: Years 1- 4,0,"R$ 89,99",Padrão
Sid Meier’s Civilization V: The Complete Edition,0,"R$ 99,99",Padrão
RESIDENT EVIL 3,0,"R$ 129,99",Padrão
Resident Evil HD REMASTER,0,"R$ 39,99",Padrão
LEGO Marvel Super Heroes,-94%,"R$ 4,50",Padrão
GRIS,0,"R$ 32,99",Padrão
RESIDENT EVIL 2 / BIOHAZARD RE:2,0,"R$ 89,99",Padrão
F.E.A.R. 3,-94%,"R$ 4,50",Padrão
DayZ,-50%,"R$ 59,99",Padrão
Middle-earth: Shadow of Mordor - Game of the Year Edition,-94%,"R$ 4,50",Padrão
Secret Neighbor,-75%,"R$ 9,49",Padrão
Euro Truck Simulator 2,0,"R$ 39,99",Padrão
The LEGO Ninjago Movie Video Game,-94%,"R$ 4,50",Padrão
DRAGON BALL Z: KAKAROT - Deluxe Edition,0,"R$ 249,90",Padrão
LEGO Jurassic World,-90%,"R$ 8,99",Padrão
Monster Hunter World: Iceborne Master Edition,0,"R$ 129,99",Padrão
Subnautica: Below Zero,-40%,"R$ 34,79",Padrão
RollerCoaster Tycoon 3: Complete Edition,0,"R$ 37,99",Padrão
Euro Truck Simulator 2 - Special Transport,0,"R$ 12,19",DLC
Xbox - Cartão Presente Digital 70 Reais,0,"R$ 70,00",Padrão
LEGO Star Wars: The Force Awakens,-94%,"R$ 4,50",Padrão
Far Cry 6,0,"R$ 249,99",Padrão
Batman: Arkham Knight,-85%,"R$ 13,49",Padrão
Batman Arkham Origins,-80%,"R$ 17,99",Padrão
Euro Truck Simulator 2 - Heavy Cargo Pack,0,"R$ 12,49",DLC
Mega Man X Legacy Collection 2,0,"R$ 39,99",Padrão
Euro Truck Simulator 2 - Going East!,0,"R$ 24,99",DLC
Little Nightmares,-75%,"R$ 19,99",Padrão
Naruto Shippuden: Ultimate Ninja Storm 4 - Season Pass,0,"R$ 49,90",DLC
Enigma do Medo - Bundle do Medo,-12%,"R$ 105,00",Pré-Venda
Euro Truck Simulator 2 - Scandinavia,0,"R$ 44,99",DLC
ENSLAVED: Odyssey to the West Premium Edition,0,"R$ 34,99",Padrão
The Last Campfire,0,"R$ 28,99",Padrão
Ni no Kuni II: Revenant Kingdom - Season Pass,0,"R$ 59,90",DLC
Star Wars - The Force Unleashed Ultimate Sith Edition,0,"R$ 37,99",Padrão
Assassin's Creed Valhalla,0,"R$ 199,99",Padrão
Mortal Kombat 11 Kombat Pack 2,-75%,"R$ 14,99",DLC
Castlevania: Lords of Shadow 2 - Revelations,0,"R$ 15,99",DLC
NARUTO SHIPPUDEN: Ultimate Ninja STORM Legacy,0,"R$ 217,99",Padrão
Shovel Knight Pocket Dungeon,0,"R$ 37,99",Padrão
LEGO BATMAN 3: Beyond Gotham - Premium Edition,-94%,"R$ 8,00",Padrão
Titan Souls,0,"R$ 24,99",Padrão
NBA 2K23,0,"R$ 299,90",Padrão
The LEGO Movie - Videogame,-94%,"R$ 4,50",Padrão
Euro Truck Simulator 2 - Road to the Black Sea,0,"R$ 44,99",DLC
DRAGON BALL FighterZ - FighterZ Edition,0,"R$ 239,90",Padrão
LEGO Batman 3: Beyond Gotham,-94%,"R$ 4,50",Padrão
Metal Gear Rising - Revengeance,0,"R$ 49,99",Padrão
Resident Evil 5 - Gold Edition,0,Indisponivel,Padrão
Resident Evil 4,-8%,"R$ 228,99",Padrão
Mortal Kombat XL,-90%,"R$ 12,99",Pacote
Pro Cycling Manager 2022,0,"R$ 75,49",Padrão
SOULCALIBUR VI - Deluxe Edition,0,"R$ 259,90",Padrão
Castlevania: Lords of Shadow 2,0,"R$ 72,99",Padrão
Castlevania: Lord of Shadows - Mirror of Fate HD,0,"R$ 27,99",Padrão
Warhammer: Chaosbane - Slayer Edition,0,"R$ 75,49",Padrão
Sid Meier’s Civilization VI - Platinum Edition,0,"R$ 161,20",Padrão
Hogwarts Legacy,0,"R$ 249,99",Padrão
Moonlighter - Between Dimensions,-80%,"R$ 2,89",DLC
ACE COMBAT 7: SKIES UNKNOWN - TOP GUN: Maverick Edition,0,"R$ 219,90",Padrão
DEVIL MAY CRY 5 + VERGIL,0,"R$ 89,99",Padrão
Street Fighter V,0,"R$ 39,99",Padrão
Darkest Dungeon: The Crimson Court,0,"R$ 19,99",DLC
Don't Starve Together,0,"R$ 27,99",Padrão
Resident Evil 6,0,"R$ 84,99",Padrão
Katana ZERO,0,"R$ 28,99",Padrão
The Legend of Heroes: Trails in the Sky the 3rd,0,"R$ 55,99",Padrão
Hotline Miami 2: Wrong Number,0,"R$ 24,99",Padrão
Darkest Dungeon: Color Of Madness,0,"R$ 10,89",DLC
LEGO Harry Potter Years 5-7,-90%,"R$ 8,99",Padrão
Darkest Dungeon: The Shieldbreaker,0,"R$ 8,69",DLC
The Legend of Heroes: Trails in The Sky,0,"R$ 36,99",Padrão
Mortal Kombat X,-90%,"R$ 8,99",Padrão
Xbox Game Pass Ultimate - 1 Mês,0,"R$ 44,99",Padrão
Euro Truck Simulator,0,"R$ 10,49",Padrão
Resident Evil 4 - Deluxe Edition,-8%,"R$ 274,99",Padrão
ACE COMBAT 7: SKIES UNKNOWN,0,"R$ 159,00",Padrão
Resident Evil Village,0,"R$ 139,90",Padrão
METAL GEAR SOLID V: The Definitive Experience,0,"R$ 98,99",Padrão
My Friend Pedro,0,"R$ 37,99",Padrão
Devil May Cry HD Collection,0,"R$ 69,99",Padrão
Trailmakers,0,"R$ 47,49",Padrão
WRC 10 FIA World Rally Championship,0,"R$ 109,99",Padrão
Resident Evil Village Gold Edition,0,"R$ 169,90",Padrão
BágDex - Standard,0,"R$ 35,00",Pré-Venda
DRAGON BALL FighterZ - FighterZ Pass,0,"R$ 89,90",DLC
Men of War: Assault Squad 2 - War Chest Edition,0,"R$ 139,32",Padrão
NARUTO SHIPPUDEN: Ultimate Ninja STORM 4 - Road to Boruto,0,"R$ 122,16",Padrão
Naruto Shippuden: Ultimate Ninja Storm 4,0,"R$ 97,00",Padrão
TRAIL OUT,0,"R$ 37,99",Padrão
Resident Evil Village - Winters' Expansion,0,"R$ 66,90",DLC
Xbox - Cartão Presente Digital 20 Reais,0,"R$ 20,00",Padrão
Sword Art Online: Hollow Realization Deluxe Edition,0,"R$ 90,99",Padrão
171,0,"R$ 59,99",Padrão
Xbox - Cartão Presente Digital 60 Reais,0,"R$ 60,00",Padrão
Arma 3,0,"R$ 99,99",Padrão
LEGO Batman 2: DC Super Heroes,-94%,"R$ 4,50",Padrão
Rain World,0,"R$ 36,99",Padrão
LEGO Star Wars: The Force Awakens - Deluxe Edition,-94%,"R$ 6,50",Pacote
ULTIMATE MARVEL VS. CAPCOM 3,0,"R$ 54,99",Padrão
Euro Truck Simulator 2 - Italia,0,"R$ 44,99",DLC
TEKKEN 7,0,"R$ 129,90",Padrão
Enigma do Medo,-9%,"R$ 49,99",Pré-Venda
Complete Cossacks 3 Experience,0,"R$ 72,31",Padrão
Ravenswatch,0,"R$ 59,99",Padrão
Titan Souls Collector's Edition,0,"R$ 34,99",Padrão
F.E.A.R. 2: Project Origin,-94%,"R$ 3,50",Padrão
Destiny 2: Lightfall,-39%,"R$ 90,44",DLC
BágDex - Treinador,0,"R$ 80,00",Pré-Venda
Riot Points - Gift Card Digital 100 Reais,0,"R$ 100,00",Padrão
Riot Points - Gift Card Digital 20 Reais,0,"R$ 20,00",Padrão
The Last of Us - Part I,-10%,"R$ 223,99",Padrão
The Legend of Heroes: Trails in the Sky SC,0,"R$ 69,99",Padrão
Middle-earth: Shadow of War,-94%,"R$ 11,50",Padrão
Back 4 Blood,-80%,"R$ 55,99",Padrão
The Legend of Heroes: Trails of Cold Steel,0,"R$ 72,99",Padrão
The Legend of Heroes: Trails of Cold Steel II,0,"R$ 72,99",Padrão
Resident Evil Revelations,0,"R$ 59,99",Padrão
Castlevania: Lords of Shadow - Ultimate Edition,0,"R$ 49,99",Padrão
Dragon's Dogma: Dark Arisen,0,"R$ 74,99",Padrão
GTA Online: Great White Shark Cash Card,0,"R$ 35,99",Padrão
Scribblenauts Unmasked: A DC Comics Adventures,-90%,"R$ 3,69",Padrão
Xbox - Cartão Presente Digital 5 Reais,0,"R$ 5,00",Padrão
DmC: Devil May Cry,0,"R$ 59,99",Padrão
Frostpunk,0,"R$ 88,99",Padrão
Mortal Kombat 11 Ultimate,-80%,"R$ 55,99",Padrão
DRAGON BALL Z: KAKAROT,0,"R$ 159,90",Padrão
Blasphemous,-75%,"R$ 14,97",Padrão
Euro Truck Simulator 2 - Brazilian Paint Jobs Pack,0,"R$ 2,49",DLC
Batman Arkham Collection,-85%,"R$ 41,99",Padrão
Sid Meier’s Civilization V: Brave New World,0,"R$ 44,99",DLC
Tales of Vesperia: Definitive Edition,-80%,"R$ 27,98",Padrão
Broforce,0,"R$ 24,99",Padrão
Subnautica,-40%,"R$ 34,79",Padrão
Middle-earth: Shadow of War - The Blade of Galadriel Story Expansion,-82%,"R$ 8,09",DLC
Devil May Cry 3 - Special Edition,0,"R$ 39,99",Padrão
Euro Truck Simulator 2 - Vive la France,0,"R$ 44,99",DLC
Star Wars: The Force Unleashed II,0,"R$ 37,99",Padrão
Xbox - Cartão Presente Digital 15 Reais,0,"R$ 15,00",Padrão
Scribblenauts Unlimited,-94%,"R$ 4,50",Padrão
Frostpunk - Season Pass,0,"R$ 78,02",DLC
Xbox - Cartão Presente Digital 200 Reais,0,"R$ 200,00",Padrão
Skul: The Hero Slayer,0,"R$ 37,99",Padrão
Legend of Kay Anniversary,0,"R$ 36,99",Padrão
Middle-earth: Shadow of War - Expansion Pass,-94%,"R$ 3,50",DLC
MotoGP 21,0,"R$ 93,99",Padrão
LEGO Marvel Vingadores Deluxe Edition,-94%,"R$ 6,50",Padrão
Quantum Break,0,"R$ 72,99",Padrão
Naruto Shippuden: Ultimate Ninja STORM Revolution,0,"R$ 55,99",Padrão
S.T.A.L.K.E.R.: Shadow of Chernobyl,0,"R$ 34,99",Padrão
Xbox - Cartão Presente Digital 10 Reais,0,"R$ 10,00",Padrão
Cult of the Lamb,0,"R$ 64,95",Padrão
Xbox - Cartão Presente Digital 25 Reais,0,"R$ 25,00",Padrão
Crunchyroll Fan - 1 mês,0,"R$ 14,99",Padrão
Tales of Symphonia,-50%,"R$ 18,49",Padrão
LEGO Batman,-94%,"R$ 4,50",Padrão
LEGO City Undercover,-90%,"R$ 8,99",Padrão
LEGO The Lord of the Rings,0,"R$ 89,99",Padrão
LEGO Marvel Super Heroes 2: Deluxe Edition,-94%,"R$ 8,00",Padrão
Mortal Kombat 11,-90%,"R$ 22,99",Padrão
Hotline Miami,0,"R$ 16,99",Padrão
Ni no Kuni II: Revenant Kingdom - The Prince's Edition,-85%,"R$ 32,98",Padrão
Freedom Fighters,-80%,"R$ 5,79",Padrão
Hotline Miami 2: Wrong Number - Digital Special Edition,0,"R$ 34,99",Padrão
Monster Hunter Rise,0,"R$ 139,90",Padrão
Euro Truck Simulator 2 - Beyond the Baltic Sea,0,"R$ 44,99",DLC
Wolcen: Lords of Mayhem,0,"R$ 75,49",Padrão
LEGO Star Wars - The Complete Saga,0,"R$ 37,99",Padrão
The Walking Dead,0,"R$ 28,99",Padrão
Euro Truck Simulator 2 - High Power Cargo Pack,0,"R$ 10,49",DLC
Blair Witch,-75%,"R$ 14,49",Padrão
Monster Hunter World: Iceborne,0,"R$ 89,99",DLC
DEVIL MAY CRY 5 DELUXE + VERGIL,0,"R$ 119,99",Padrão
Kingdom Come: Deliverance - Royal Edition,0,"R$ 69,99",Padrão
Shadow Warrior 2,0,"R$ 72,99",Padrão
Injustice 2 - Legendary Edition,-85%,"R$ 41,99",Padrão
Xbox - Cartão Presente Digital 50 Reais,0,"R$ 50,00",Padrão
The Universim,0,"R$ 55,99",Padrão
Starship Troopers - Terran Command,0,"R$ 57,99",Padrão
Minecraft: Java and Bedrock Edition,0,"R$ 129,00",Padrão
Mortal Kombat 11 Kombat Pack 1,-90%,"R$ 5,99",DLC
Crunchyroll Mega Fan - 1 mês,0,"R$ 19,99",Padrão
Crypt of the NecroDancer,0,"R$ 27,99",Padrão
Dying Light Definitive Edition,-80%,"R$ 24,99",Padrão
Dragon Ball Xenoverse 2,0,"R$ 159,90",Padrão
LEGO DC Super-Villains - Deluxe Edition,-94%,"R$ 12,75",Padrão
Elden Ring,0,"R$ 249,90",Padrão
Moonlighter,-85%,"R$ 5,69",Padrão
Call of Juarez 2: Bound in Blood,-80%,"R$ 3,99",Padrão
Xbox - Cartão Presente Digital 40 Reais,0,"R$ 40,00",Padrão
Naruto Storm 4: Road to Boruto Expansion,0,"R$ 36,99",DLC
MONSTER HUNTER: WORLD,0,"R$ 69,99",Padrão
F1 Manager 2022,0,"R$ 99,99",Padrão
S.T.A.L.K.E.R.: Call of Pripyat,0,"R$ 34,99",Padrão
DayZ Livonia,-30%,"R$ 17,49",DLC
Tom Clancy’s Rainbow Six - SIEGE - Standard Edition,0,"R$ 59,99",Padrão
Devil May Cry 4: Edição Especial,0,"R$ 49,99",Padrão
Metal Gear Solid V: Ground Zeroes,0,"R$ 36,99",Padrão
Ultra Street Fighter IV,0,"R$ 59,99",Padrão
Riot Points - Gift Card Digital 50 Reais,0,"R$ 50,00",Padrão
Xbox - Cartão Presente Digital 100 Reais,0,"R$ 100,00",Padrão
Silent Hill Homecoming,0,"R$ 34,99",Padrão
Graveyard Keeper,-60%,"R$ 15,19",Padrão
For The King Double Keys,0,"R$ 75,98",Padrão
Resident Evil: Revelations 2 Deluxe Edition,0,"R$ 74,99",Padrão
Wildfrost,0,"R$ 59,99",Padrão
LEGO Marvel Super Heroes 2 - Season Pass,-90%,"R$ 2,99",DLC
DRAGON BALL FighterZ,0,"R$ 149,90",Padrão
Mega Man 11,0,"R$ 69,99",Padrão
Super Bomberman R,0,"R$ 150,00",Padrão
Destiny 2: Legacy Collection,-50%,"R$ 74,99",Padrão
Ni no Kuni Wrath of the White Witch Remastered,-80%,"R$ 25,99",Padrão
The LEGO Movie 2 Videogame,-94%,"R$ 6,50",Padrão
Middle-earth Shadow of Mordor - GOTY Edition Upgrade,-75%,"R$ 4,99",DLC
Conan Exiles,0,"R$ 99,49",Padrão
Inscryption,0,"R$ 49,99",Padrão
Euro Truck Simulator 2 - Cabin Accessories,0,"R$ 11,49",DLC
LEGO Indiana Jones: The Original Adventures,0,"R$ 37,99",Padrão
Darksiders III - Deluxe Edition,0,"R$ 93,99",Padrão
Euro Truck Simulator 2 - Wheel Tuning Pack,0,"R$ 6,49",DLC
Mega Man Legacy Collection,0,"R$ 29,99",Padrão
DREDGE,0,"R$ 89,99",Padrão
Castlevania: Lords of Shadow 2 - Relic Rune Pack,0,"R$ 2,19",DLC
NARUTO TO BORUTO - SHINOBI STRIKER Deluxe Edition,0,"R$ 239,90",Padrão
Force of Nature 2: Ghost Keeper,0,"R$ 30,99",Padrão
Forager,0,"R$ 37,99",Padrão
Horizon Chase Turbo,0,"R$ 49,99",Padrão
Castlevania: Lords of Shadow 2 - Armored Dracula Costume,0,"R$ 2,19",DLC
Star Wars: Knights of the Old Republic II - The Sith Lords,0,"R$ 19,99",Padrão
LEGO Batman 3: Beyond Gotham Season Pass,-90%,"R$ 2,79",DLC
Far Cry 4,0,"R$ 89,99",Padrão
Castlevania: Lords of Shadow 2 - Dark Dracula Costume,0,"R$ 2,19",DLC
Batman: Arkham Origins - Season Pass,-80%,"R$ 7,39",DLC
